{
	"partitions" : [
		{
			"name" : "Top",
			"pins" : [
				{
					"name" : "lcd_en",
					"strict" : false
				},
				{
					"name" : "lcd_rs",
					"strict" : false
				},
				{
					"name" : "lcd1[0]",
					"strict" : false
				},
				{
					"name" : "lcd1[1]",
					"strict" : false
				},
				{
					"name" : "lcd1[2]",
					"strict" : false
				},
				{
					"name" : "lcd1[3]",
					"strict" : false
				},
				{
					"name" : "lcd1[4]",
					"strict" : false
				},
				{
					"name" : "lcd1[5]",
					"strict" : false
				},
				{
					"name" : "lcd1[7]",
					"strict" : false
				},
				{
					"name" : "deteect",
					"strict" : false
				},
				{
					"name" : "detect1",
					"strict" : false
				},
				{
					"name" : "MOSI",
					"strict" : false
				},
				{
					"name" : "CS1",
					"strict" : false
				},
				{
					"name" : "SCLK1",
					"strict" : false
				},
				{
					"name" : "led[0]",
					"strict" : false
				},
				{
					"name" : "led[1]",
					"strict" : false
				},
				{
					"name" : "led[2]",
					"strict" : false
				},
				{
					"name" : "led[3]",
					"strict" : false
				},
				{
					"name" : "led[4]",
					"strict" : false
				},
				{
					"name" : "led[5]",
					"strict" : false
				},
				{
					"name" : "led[6]",
					"strict" : false
				},
				{
					"name" : "led[7]",
					"strict" : false
				},
				{
					"name" : "rst",
					"strict" : false
				},
				{
					"name" : "clk",
					"strict" : false
				},
				{
					"name" : "MISO",
					"strict" : false
				},
				{
					"name" : "reseet1",
					"strict" : false
				}
			]
		}
	]
}